order_id,order_number,quantity,person_id
124,1124,6,10
125,1125,7,9
126,1126,5,14
127,1127,9,1
128,1128,8,17
129,1129,3,15
130,1130,7,17
131,1131,5,16
132,1132,7,5
133,1133,3,12
134,1134,8,9
135,1135,5,7
136,1136,9,13
137,1137,9,16
138,1138,2,17
139,1139,6,14
140,1140,3,11
141,1141,7,8
142,1142,9,11
143,1143,2,13
144,1144,7,15
145,1145,3,18
146,1146,3,14
147,1147,8,6
148,1148,9,11
149,1149,2,5
150,1150,3,17
151,1151,7,8
152,1152,9,12
153,1153,5,10
154,1154,4,14
155,1155,9,13
156,1156,7,7
157,1157,4,20
158,1158,4,13
159,1159,3,5
160,1160,4,11
161,1161,4,2
162,1162,8,1
163,1163,6,6
164,1164,2,11
165,1165,7,10
166,1166,5,3
167,1167,8,10
168,1168,2,1
169,1169,4,11
170,1170,6,10
171,1171,9,7
172,1172,2,1
173,1173,3,5
174,1174,6,8
175,1175,5,1
176,1176,8,7
177,1177,2,5
178,1178,9,18
179,1179,7,14
180,1180,4,11
181,1181,2,5
182,1182,2,11
183,1183,7,9
184,1184,6,12
185,1185,7,1
186,1186,6,13
187,1187,7,3
188,1188,5,20
189,1189,2,5
190,1190,7,15
191,1191,7,9
192,1192,5,5
193,1193,2,13
194,1194,3,19
195,1195,7,1
196,1196,6,11
197,1197,8,6
198,1198,3,7
199,1199,4,11
200,1200,8,4
201,1201,5,11
202,1202,6,10
