"order_id","order_number","quantity","person_id"
1,1001,3,5
2,1002,5,2
3,1003,2,7
4,1004,6,1
5,1005,4,9
6,1006,3,6
7,1007,2,12
8,1008,6,19
9,1009,5,20
10,110,9,13
11,1011,3,17
12,1012,6,18
13,1013,4,11
14,1014,2,15
15,1015,4,17
16,1016,3,20
17,1017,4,7
18,1018,7,14
19,1019,4,2
20,1020,6,1
21,1021,3,18
22,1022,5,9
23,1023,4,17
24,1024,8,19
25,1025,2,16
26,1026,7,5
27,1027,3,7
28,1027,4,4
29,1029,5,15
30,1030,3,18
31,1031,4,3
32,1032,6,12
33,1033,7,14
34,1034,5,16
35,1035,6,13
36,1036,2,2
37,1037,8,4
38,1038,6,7
39,1039,5,10
40,1040,3,1
41,1041,3,9
42,1042,5,12
43,1043,3,16
44,1044,2,18
45,1045,6,1
46,1046,5,17
47,1047,2,10
48,1048,4,20
49,1049,6,19
50,1050,5,7
51,1051,4,4
52,1052,4,9
53,1053,5,11
54,1054,3,13
55,1055,2,5
56,1056,4,8
57,1057,4,5
58,1058,3,11
59,1059,6,1
60,1060,2,16
61,1061,5,12
62,1062,2,9
63,1063,6,15
64,1064,2,17
65,1065,4,13
66,1066,4,5
67,1067,5,13
68,1068,6,11
69,1069,8,9
70,1070,7,17
71,1071,5,6
72,1072,3,17
73,1073,7,13
74,1074,4,16
75,1075,4,6
76,1076,3,8
77,1077,8,3
78,1078,5,10
79,1079,2,17
80,1080,4,3
81,1081,3,8
82,1082,6,8
83,1083,8,2
84,1084,3,9
85,1085,5,20
86,1086,3,8
87,1087,9,17
88,1088,6,1
89,1089,7,6
90,1090,7,15
91,1091,5,7
92,1092,8,19
93,1093,4,9
94,1094,6,20
95,1095,2,3
96,1096,3,9
97,1097,6,18
98,1098,5,12
99,1099,4,17
100,1100,5,9
101,1101,7,11
102,1102,5,15
103,1103,4,3
104,1104,5,8
105,1105,8,19
106,1106,6,10
107,1107,4,12
108,1108,3,7
109,1109,9,1
110,1110,6,9
111,1111,5,16
112,1112,6,13
113,1113,2,17
114,1114,3,16
115,1115,7,5
116,1116,4,9
117,1117,2,1
118,1118,9,4
119,1119,5,20
120,1120,5,14
121,1121,3,7
122,1122,4,11
123,1123,6,6
124,1124,6,10
125,1125,7,9
126,1126,5,14
127,1127,9,1
128,1128,8,17
129,1129,3,15
130,1130,7,17
131,1131,5,16
132,1132,7,5
133,1133,3,12
134,1134,8,9
135,1135,5,7
136,1136,9,13
137,1137,9,16
138,1138,2,17
139,1139,6,14
140,1140,3,11
141,1141,7,8
142,1142,9,11
143,1143,2,13
144,1144,7,15
145,1145,3,18
146,1146,3,14
147,1147,8,6
148,1148,9,11
149,1149,2,5
150,1150,3,17
151,1151,7,8
152,1152,9,12
153,1153,5,10
154,1154,4,14
155,1155,9,13
156,1156,7,7
157,1157,4,20
158,1158,4,13
159,1159,3,5
160,1160,4,11
161,1161,4,2
162,1162,8,1
163,1163,6,6
164,1164,2,11
165,1165,7,10
166,1166,5,3
167,1167,8,10
168,1168,2,1
169,1169,4,11
170,1170,6,10
171,1171,9,7
172,1172,2,1
173,1173,3,5
174,1174,6,8
175,1175,5,1
176,1176,8,7
177,1177,2,5
178,1178,9,18
179,1179,7,14
180,1180,4,11
181,1181,2,5
182,1182,2,11
183,1183,7,9
184,1184,6,12
185,1185,7,1
186,1186,6,13
187,1187,7,3
188,1188,5,20
189,1189,2,5
190,1190,7,15
191,1191,7,9
192,1192,5,5
193,1193,2,13
194,1194,3,19
195,1195,7,1
196,1196,6,11
197,1197,8,6
198,1198,3,7
199,1199,4,11
200,1200,8,4
201,1201,5,11
202,1202,6,10
